140119,Ropar,Chandigarh,CHANDIGARH
160003,Chandigarh,Chandigarh,CHANDIGARH
160004,Chandigarh,Chandigarh,CHANDIGARH
140125,Ropar,Chandigarh,CHANDIGARH
160036,NA,Chandigarh,CHANDIGARH
160003,NA,Chandigarh,CHANDIGARH
160047,Chandigarh,Chandigarh,CHANDIGARH
160017,Chandigarh,Chandigarh,CHANDIGARH
160014,Chandigarh,Chandigarh,CHANDIGARH
160101,NA,Chandigarh,CHANDIGARH
160014,Chandigarh,Chandigarh,CHANDIGARH
160012,Chandigarh,Chandigarh,CHANDIGARH
160018,Chandigarh,Chandigarh,CHANDIGARH
160002,NA,Chandigarh,CHANDIGARH
160001,Chandigarh,Chandigarh,CHANDIGARH
160002,Chandigarh,Chandigarh,CHANDIGARH
140133,Ropar,Chandigarh,CHANDIGARH
160101,Chandigarh,Chandigarh,CHANDIGARH
160025,NA,Chandigarh,CHANDIGARH
160101,Chandigarh,Chandigarh,CHANDIGARH
160102,NA,Chandigarh,CHANDIGARH
160101,Chandigarh,Chandigarh,CHANDIGARH
160001,Chandigarh,Chandigarh,CHANDIGARH
160102,Chandigarh,Chandigarh,CHANDIGARH
160019,Chandigarh,Chandigarh,CHANDIGARH
160002,Chandigarh,Chandigarh,CHANDIGARH
160011,Chandigarh,Chandigarh,CHANDIGARH
160011,Chandigarh,Chandigarh,CHANDIGARH
160012,Chandigarh,Chandigarh,CHANDIGARH
160014,Chandigarh,Chandigarh,CHANDIGARH
160015,Chandigarh,Chandigarh,CHANDIGARH
160015,Chandigarh,Chandigarh,CHANDIGARH
160018,Chandigarh,Chandigarh,CHANDIGARH
160019,Chandigarh,Chandigarh,CHANDIGARH
160020,Chandigarh,Chandigarh,CHANDIGARH
160022,Chandigarh,Chandigarh,CHANDIGARH
160022,Chandigarh,Chandigarh,CHANDIGARH
160023,Chandigarh,Chandigarh,CHANDIGARH
160019,Chandigarh,Chandigarh,CHANDIGARH
160019,Chandigarh,Chandigarh,CHANDIGARH
160030,Chandigarh,Chandigarh,CHANDIGARH
160030,Chandigarh,Chandigarh,CHANDIGARH
160030,Chandigarh,Chandigarh,CHANDIGARH
160022,Chandigarh,Chandigarh,CHANDIGARH
160022,Chandigarh,Chandigarh,CHANDIGARH
160036,Chandigarh,Chandigarh,CHANDIGARH
160036,Chandigarh,Chandigarh,CHANDIGARH
160047,Chandigarh,Chandigarh,CHANDIGARH
160047,Chandigarh,Chandigarh,CHANDIGARH
160009,Chandigarh,Chandigarh,CHANDIGARH
160009,Chandigarh,Chandigarh,CHANDIGARH
160001,Chandigarh,Chandigarh,CHANDIGARH