396230,Dadra & Nagar Haveli,Dadra & Nagar Haveli,DADRA & NAGAR HAVELI
396235,Dadra & Nagar Haveli,Dadra & Nagar Haveli,DADRA & NAGAR HAVELI
396230,Dadra & Nagar Haveli,Dadra & Nagar Haveli,DADRA & NAGAR HAVELI
396230,Dadra & Nagar Haveli,Dadra & Nagar Haveli,DADRA & NAGAR HAVELI
396230,Dadra & Nagar Haveli,Dadra & Nagar Haveli,DADRA & NAGAR HAVELI
396230,Dadra & Nagar Haveli,Dadra & Nagar Haveli,DADRA & NAGAR HAVELI
396240,Dadra & Nagar Haveli,Dadra & Nagar Haveli,DADRA & NAGAR HAVELI
396240,Dadra & Nagar Haveli,Dadra & Nagar Haveli,DADRA & NAGAR HAVELI
396230,Dadra & Nagar Haveli,Dadra & Nagar Haveli,DADRA & NAGAR HAVELI
396193,Dadra & Nagar Haveli,Dadra & Nagar Haveli,DADRA & NAGAR HAVELI
396230,Dadra & Nagar Haveli,Dadra & Nagar Haveli,DADRA & NAGAR HAVELI
396240,Dadra & Nagar Haveli,Dadra & Nagar Haveli,DADRA & NAGAR HAVELI
396230,Dadra & Nagar Haveli,Dadra & Nagar Haveli,DADRA & NAGAR HAVELI
396230,Dadra & Nagar Haveli,Dadra & Nagar Haveli,DADRA & NAGAR HAVELI
396240,Dadra & Nagar Haveli,Dadra & Nagar Haveli,DADRA & NAGAR HAVELI
396230,Dadra & Nagar Haveli,Dadra & Nagar Haveli,DADRA & NAGAR HAVELI
396193,Pardi,Dadra & Nagar Haveli,DADRA & NAGAR HAVELI
396230,Dadra & Nagar Haveli,Dadra & Nagar Haveli,DADRA & NAGAR HAVELI
396235,Dadra & Nagar Haveli,Dadra & Nagar Haveli,DADRA & NAGAR HAVELI
396230,Dadra & Nagar Haveli,Dadra & Nagar Haveli,DADRA & NAGAR HAVELI
396230,Dadra & Nagar Haveli,Dadra & Nagar Haveli,DADRA & NAGAR HAVELI
396230,Dadra & Nagar Haveli,Dadra & Nagar Haveli,DADRA & NAGAR HAVELI
396230,Dadra & Nagar Haveli,Dadra & Nagar Haveli,DADRA & NAGAR HAVELI
396230,Dadra & Nagar Haveli,Dadra & Nagar Haveli,DADRA & NAGAR HAVELI
396230,Dadra & Nagar Haveli,Dadra & Nagar Haveli,DADRA & NAGAR HAVELI
396235,Dadra & Nagar Haveli,Dadra & Nagar Haveli,DADRA & NAGAR HAVELI
396230,Dadra & Nagar Haveli,Dadra & Nagar Haveli,DADRA & NAGAR HAVELI
396240,Dadra & Nagar Haveli,Dadra & Nagar Haveli,DADRA & NAGAR HAVELI
396230,Dadra & Nagar Haveli,Dadra & Nagar Haveli,DADRA & NAGAR HAVELI
396240,Dadra & Nagar Haveli,Dadra & Nagar Haveli,DADRA & NAGAR HAVELI
396230,Dadra & Nagar Haveli,Dadra & Nagar Haveli,DADRA & NAGAR HAVELI
396230,Dadra & Nagar Haveli,Dadra & Nagar Haveli,DADRA & NAGAR HAVELI
396230,Dadra & Nagar Haveli,Dadra & Nagar Haveli,DADRA & NAGAR HAVELI
396230,Dadra & Nagar Haveli,Dadra & Nagar Haveli,DADRA & NAGAR HAVELI
396230,Dadra & Nagar Haveli,Dadra & Nagar Haveli,DADRA & NAGAR HAVELI
396240,Dadra & Nagar Haveli,Dadra & Nagar Haveli,DADRA & NAGAR HAVELI
396230,Dadra & Nagar Haveli,Dadra & Nagar Haveli,DADRA & NAGAR HAVELI
396240,Dadra & Nagar Haveli,Dadra & Nagar Haveli,DADRA & NAGAR HAVELI
396230,Dadra & Nagar Haveli,Dadra & Nagar Haveli,DADRA & NAGAR HAVELI
